period,capacity,outage,percentOutage
2024-10-02,99129.8,13310.542,13.43
2024-10-03,99129.8,13299.325,13.42
2024-10-04,99129.8,13697.258,13.82
2024-10-05,99129.8,18968.025,19.13
2024-10-06,99129.8,18948.142,19.11
2024-10-07,99129.8,18169.398,18.33
2024-10-08,99129.8,17162.522,17.31
2024-10-09,99129.8,17136.082,17.29
2024-10-10,99129.8,17136.082,17.29
2024-10-11,99129.8,18085.222,18.24
2024-10-12,99129.8,18399.032,18.56
2024-10-13,99129.8,20389.497,20.57
2024-10-14,99129.8,20765.585,20.95
2024-10-15,99129.8,19372.105,19.54
2024-10-16,99129.8,19940.501,20.12
2024-10-17,99129.8,20090.943,20.27
2024-10-18,99129.8,19927.912,20.1
2024-10-19,99129.8,19488.262,19.66
2024-10-20,99129.8,19516.376,19.69
2024-10-21,99129.8,21660.656,21.85
2024-10-22,99129.8,22074.22,22.27
2024-10-23,99129.8,22127.822,22.32
2024-10-24,99129.8,22127.042,22.32
2024-10-25,99129.8,22112.68,22.31
2024-10-26,99129.8,21264.501,21.45
2024-10-27,99129.8,21357.557,21.55
2024-10-28,99129.8,22139.766,22.33
2024-10-29,99129.8,20910.16,21.09
2024-10-30,99129.8,19532.425,19.7
2024-10-31,99129.8,19272.445,19.44
2024-11-01,99129.8,18806.963,18.97
2024-11-02,99129.8,19580.907,19.75
2024-11-03,99129.8,19768.207,19.94
2024-11-04,99129.8,19607.49,19.78
2024-11-05,99129.8,19962.995,20.14
2024-11-06,99129.8,18440.713,18.6
2024-11-07,99129.8,17377.041,17.53
2024-11-08,99129.8,16753.862,16.9
2024-11-09,99129.8,16256.042,16.4
2024-11-10,99129.8,16324.372,16.47
2024-11-11,99129.8,16348.302,16.49
2024-11-12,99129.8,15226.472,15.36
2024-11-13,99129.8,13815.012,13.94
2024-11-14,99129.8,13975.293,14.1
2024-11-15,99129.8,13561.833,13.68
2024-11-16,99129.8,12875.392,12.99
2024-11-17,99129.8,11831.536,11.94
2024-11-18,99129.8,10341.978,10.43
2024-11-19,99129.8,9871.671,9.96
2024-11-20,99129.8,11328.934,11.43
2024-11-21,99129.8,10343.468,10.43
2024-11-22,99129.8,9081.813,9.16
2024-11-23,99129.8,9805.516,9.89
2024-11-24,99129.8,10034.874,10.12
2024-11-25,99129.8,8385.739,8.46
2024-11-26,99129.8,7900.289,7.97
2024-11-27,99129.8,7133.628,7.2
2024-11-28,99129.8,6373.988,6.43
2024-11-29,99129.8,5840.585,5.89
2024-11-30,99129.8,5607.873,5.66
2024-12-01,99129.8,5038.423,5.08
2024-12-02,99129.8,5024.475,5.07
2024-12-03,99129.8,6042.683,6.1
2024-12-04,99129.8,6053.754,6.11
2024-12-05,99129.8,8044.901,8.12
2024-12-06,99129.8,7615.391,7.68
2024-12-07,99129.8,7575.25,7.64
2024-12-08,99129.8,5978.03,6.03
2024-12-09,99129.8,6208.476,6.26
2024-12-10,99129.8,5273.82,5.32
2024-12-11,99129.8,3810.562,3.84
2024-12-12,99129.8,2893.182,2.92
2024-12-13,99129.8,2937.102,2.96
2024-12-14,99129.8,4229.162,4.27
2024-12-15,99129.8,2870.526,2.9
2024-12-16,99129.8,2990.152,3.02
2024-12-17,99129.8,1998.832,2.02
2024-12-18,99129.8,2536.909,2.56
2024-12-19,99129.8,2540.122,2.56
2024-12-20,99129.8,2190.962,2.21
2024-12-21,99129.8,2266.282,2.29
2024-12-22,99129.8,2237.902,2.26
2024-12-23,99129.8,2433.854,2.46
2024-12-24,99129.8,2668.492,2.69
2024-12-25,99129.8,1941.905,1.96
2024-12-26,99129.8,1941.905,1.96
2024-12-27,99129.8,1957.658,1.97
2024-12-28,99129.8,3296.225,3.33
2024-12-29,99129.8,2708.49,2.73
2024-12-30,99129.8,2195.862,2.22
2024-12-31,99129.8,2294.012,2.31
2025-01-01,99145.8,2165.832,2.18
2025-01-02,99145.8,2197.172,2.22
2025-01-03,99145.8,2048.02,2.07
2025-01-04,99145.8,2033.895,2.05
2025-01-05,99145.8,2091.629,2.11
2025-01-06,99145.8,2077.095,2.09
2025-01-07,99145.8,2410.585,2.43
2025-01-08,99145.8,2127.475,2.15
2025-01-09,99145.8,2143.185,2.16
2025-01-10,99145.8,2135.745,2.15
2025-01-11,99145.8,2510.675,2.53
2025-01-12,99145.8,2110.265,2.13
2025-01-13,99145.8,2125.878,2.14
2025-01-14,99145.8,2147.828,2.17
2025-01-15,99145.8,2149.369,2.17
2025-01-16,99145.8,2361.669,2.38
2025-01-17,99145.8,4478.929,4.52
2025-01-18,99145.8,4346.713,4.38
2025-01-19,99145.8,3695.908,3.73
2025-01-20,99145.8,2951.923,2.98
2025-01-21,99145.8,2858.451,2.88
2025-01-22,99145.8,2871.131,2.9
2025-01-23,99145.8,2877.111,2.9
2025-01-24,99145.8,2920.864,2.95
2025-01-25,99145.8,2985.42,3.01
2025-01-26,99145.8,2988.036,3.01
2025-01-27,99145.8,3034.606,3.06
2025-01-28,99145.8,3043.552,3.07
2025-01-29,99145.8,4273.292,4.31
2025-01-30,99145.8,4403.662,4.44
2025-01-31,99145.8,4304.405,4.34
2025-02-01,99145.8,3184.101,3.21
2025-02-02,99145.8,3112.261,3.14
2025-02-03,99145.8,3098.829,3.13
2025-02-04,99145.8,3142.079,3.17
2025-02-05,99145.8,3163.397,3.19
2025-02-06,99145.8,4578.689,4.62
2025-02-07,99145.8,4553.589,4.59
2025-02-08,99145.8,5279.387,5.32
2025-02-09,99145.8,5722.837,5.77
2025-02-10,99145.8,6267.079,6.32
2025-02-11,99145.8,8525.415,8.6
2025-02-12,99145.8,8271.502,8.34
2025-02-13,99145.8,7858.87,7.93
2025-02-14,99145.8,7953.778,8.02
2025-02-15,99145.8,7685.606,7.75
2025-02-16,99145.8,8902.497,8.98
2025-02-17,99145.8,8723.486,8.8
2025-02-18,99145.8,8758.697,8.83
2025-02-19,99145.8,8783.923,8.86
2025-02-20,99145.8,8852.258,8.93
2025-02-21,99145.8,8799.479,8.88
2025-02-22,99145.8,8842.482,8.92
2025-02-23,99145.8,8792.584,8.87
2025-02-24,99145.8,10210.32,10.3
2025-02-25,99145.8,9790.661,9.88
2025-02-26,99145.8,10046.764,10.13
2025-02-27,99145.8,10173.839,10.26
2025-02-28,99145.8,11010.483,11.11
2025-03-01,99145.8,11401.578,11.5
2025-03-02,99145.8,12711.871,12.82
2025-03-03,99145.8,11424.555,11.52
2025-03-04,99145.8,11671.207,11.77
2025-03-05,99145.8,12380.68,12.49
2025-03-06,99145.8,13091.8,13.2
2025-03-07,99145.8,12511.24,12.62
2025-03-08,99145.8,13045.086,13.16
2025-03-09,99145.8,12603.644,12.71
2025-03-10,99145.8,13064.54,13.18
2025-03-11,99145.8,13219.871,13.33
2025-03-12,99145.8,12549.893,12.66
2025-03-13,99145.8,12548.447,12.66
2025-03-14,99145.8,12595.198,12.7
2025-03-15,99145.8,13208.168,13.32
2025-03-16,99145.8,12890.636,13.0
2025-03-17,99145.8,14370.724,14.49
2025-03-18,99145.8,14132.281,14.25
2025-03-19,99145.8,13979.948,14.1
2025-03-20,99145.8,14851.095,14.98
2025-03-21,99145.8,15082.958,15.21
2025-03-22,99145.8,17488.286,17.64
2025-03-23,99145.8,16616.759,16.76
2025-03-24,99145.8,18079.974,18.24
2025-03-25,99145.8,18115.655,18.27
2025-03-26,99145.8,18463.665,18.62
2025-03-27,99145.8,18919.144,19.08
2025-03-28,99145.8,18836.168,19.0
2025-03-29,99145.8,21422.261,21.61
2025-03-30,99145.8,20822.777,21.0
2025-03-31,99145.8,19715.679,19.89
2025-04-01,96834.2,18949.57,19.57
2025-04-02,96834.2,18824.739,19.44
2025-04-03,96834.2,17965.578,18.55
2025-04-04,96834.2,17117.451,17.68
2025-04-05,96834.2,16124.74,16.65
2025-04-06,96834.2,15664.642,16.18
2025-04-07,96834.2,14567.044,15.04
2025-04-08,96834.2,13992.845,14.45
2025-04-09,96834.2,14330.223,14.8
2025-04-10,96834.2,14628.864,15.11
2025-04-11,96834.2,15868.057,16.39
2025-04-12,96834.2,18028.859,18.62
2025-04-13,96834.2,18234.372,18.83
2025-04-14,96834.2,19270.212,19.9
2025-04-15,96834.2,19381.853,20.02
2025-04-16,96834.2,19100.318,19.72
2025-04-17,96834.2,18826.5,19.44
2025-04-18,96834.2,18223.715,18.82
2025-04-19,96834.2,18452.51,19.06
2025-04-20,96834.2,18426.46,19.03
2025-04-21,96834.2,19324.33,19.96
2025-04-22,96834.2,18214.07,18.81
2025-04-23,96834.2,18301.487,18.9
2025-04-24,96834.2,18336.614,18.94
2025-04-25,96834.2,17293.363,17.86
2025-04-26,96834.2,19568.548,20.21
2025-04-27,96834.2,18999.852,19.62
2025-04-28,96834.2,19232.21,19.86
2025-04-29,96834.2,19220.71,19.85
2025-04-30,96834.2,19111.34,19.74
2025-05-01,96880.2,18959.78,19.57
2025-05-02,96880.2,18408.639,19.0
2025-05-03,96880.2,17904.255,18.48
2025-05-04,96880.2,17366.449,17.93
2025-05-05,96880.2,17146.839,17.7
2025-05-06,96880.2,16921.9,17.47
2025-05-07,96880.2,16914.31,17.46
2025-05-08,96880.2,16906.72,17.45
2025-05-09,96880.2,16906.72,17.45
2025-05-10,96880.2,17511.111,18.08
2025-05-11,96880.2,16747.16,17.29
2025-05-12,96880.2,16122.06,16.64
2025-05-13,96880.2,16612.97,17.15
2025-05-14,96880.2,16164.08,16.68
2025-05-15,96880.2,14854.6,15.33
2025-05-16,96880.2,14160.649,14.62
2025-05-17,96880.2,14785.169,15.26
2025-05-18,96880.2,13738.358,14.18
2025-05-19,96880.2,11719.646,12.1
2025-05-20,96880.2,13005.96,13.42
2025-05-21,96880.2,12835.06,13.25
2025-05-22,96880.2,13660.288,14.1
2025-05-23,96880.2,13336.936,13.77
2025-05-24,96880.2,13356.422,13.79
2025-05-25,96880.2,12821.488,13.23
2025-05-26,96880.2,12498.871,12.9
2025-05-27,96880.2,11568.05,11.94
2025-05-28,96880.2,10771.879,11.12
2025-05-29,96880.2,12266.526,12.66
2025-05-30,96880.2,11386.01,11.75
2025-05-31,96880.2,11359.047,11.72
2025-06-01,96880.2,9744.976,10.06
2025-06-02,96880.2,8674.63,8.95
2025-06-03,96880.2,9670.618,9.98
2025-06-04,96880.2,8814.834,9.1
2025-06-05,96880.2,7908.63,8.16
2025-06-06,96880.2,7829.998,8.08
2025-06-07,96880.2,6030.815,6.23
2025-06-08,96880.2,6974.538,7.2
2025-06-09,96880.2,6230.884,6.43
2025-06-10,96880.2,4887.586,5.04
2025-06-11,96880.2,4804.467,4.96
2025-06-12,96880.2,4489.638,4.63
2025-06-13,96880.2,3760.952,3.88
2025-06-14,96880.2,4040.447,4.17
2025-06-15,96880.2,3702.009,3.82
2025-06-16,96880.2,3490.293,3.6
2025-06-17,96880.2,3561.403,3.68
2025-06-18,96880.2,4603.193,4.75
2025-06-19,96880.2,4344.265,4.48
2025-06-20,96880.2,4650.721,4.8
2025-06-21,96880.2,3381.23,3.49
2025-06-22,96880.2,3535.294,3.65
2025-06-23,96880.2,4174.065,4.31
2025-06-24,96880.2,6489.216,6.7
2025-06-25,96880.2,5723.561,5.91
2025-06-26,96880.2,5538.751,5.72
2025-06-27,96880.2,3802.581,3.93
2025-06-28,96880.2,5009.191,5.17
2025-06-29,96880.2,4184.241,4.32
2025-06-30,96880.2,3179.71,3.28
2025-07-01,96880.2,2229.455,2.3
2025-07-02,96880.2,1788.695,1.85
2025-07-03,96880.2,1509.845,1.56
2025-07-04,96880.2,1405.566,1.45
2025-07-05,96880.2,1951.126,2.01
2025-07-06,96880.2,1881.045,1.94
2025-07-07,96880.2,1299.72,1.34
2025-07-08,96880.2,1268.669,1.31
2025-07-09,96880.2,718.526,0.74
2025-07-10,96880.2,360.06,0.37
2025-07-11,96880.2,1921.535,1.98
2025-07-12,96880.2,2194.34,2.27
2025-07-13,96880.2,1674.573,1.73
2025-07-14,96880.2,2603.981,2.69
2025-07-15,96880.2,2277.571,2.35
2025-07-16,96880.2,1915.66,1.98
2025-07-17,96880.2,1570.202,1.62
2025-07-18,96880.2,741.211,0.77
2025-07-19,96880.2,1001.142,1.03
2025-07-20,96880.2,823.26,0.85
2025-07-21,96880.2,676.03,0.7
2025-07-22,96880.2,961.189,0.99
2025-07-23,96880.2,2080.159,2.15
2025-07-24,96880.2,1396.249,1.44
2025-07-25,96880.2,1260.779,1.3
2025-07-26,96880.2,786.919,0.81
2025-07-27,96880.2,336.248,0.35
2025-07-28,96880.2,332.628,0.34
2025-07-29,96880.2,885.558,0.91
2025-07-30,96880.2,944.377,0.97
2025-07-31,96880.2,1995.567,2.06
2025-08-01,96880.2,2746.966,2.84
2025-08-02,96880.2,3281.676,3.39
2025-08-03,96880.2,2757.226,2.85
2025-08-04,96880.2,2250.474,2.32
2025-08-05,96880.2,2593.306,2.68
2025-08-06,96880.2,2077.407,2.14
2025-08-07,96880.2,3038.72,3.14
2025-08-08,96880.2,2916.112,3.01
2025-08-09,96880.2,3418.939,3.53
2025-08-10,96880.2,3366.854,3.48
2025-08-11,96880.2,2856.102,2.95
2025-08-12,96880.2,1559.722,1.61
2025-08-13,96880.2,2726.647,2.81
2025-08-14,96880.2,2363.624,2.44
2025-08-15,96880.2,3339.551,3.45
2025-08-16,96880.2,2108.143,2.18
2025-08-17,96880.2,2096.422,2.16
2025-08-18,96880.2,1819.104,1.88
2025-08-19,96880.2,1246.714,1.29
2025-08-20,96880.2,485.555,0.5
2025-08-21,96880.2,638.103,0.66
2025-08-22,96880.2,609.909,0.63
2025-08-23,96880.2,632.795,0.65
2025-08-24,96880.2,1067.335,1.1
2025-08-25,96880.2,537.305,0.55
2025-08-26,96880.2,441.331,0.46
2025-08-27,96880.2,520.255,0.54
2025-08-28,96880.2,653.167,0.67
2025-08-29,96880.2,530.227,0.55
2025-08-30,96880.2,629.738,0.65
2025-08-31,96880.2,1490.932,1.54
2025-09-01,96880.2,1088.127,1.12
2025-09-02,96880.2,1130.765,1.17
2025-09-03,96880.2,2859.0,2.95
2025-09-04,96880.2,3717.114,3.84
2025-09-05,96880.2,2924.298,3.02
2025-09-06,96880.2,3807.15,3.93
2025-09-07,96880.2,5964.967,6.16
2025-09-08,96880.2,5397.489,5.57
2025-09-09,97648.7,6035.066,6.18
2025-09-10,97648.7,5322.406,5.45
2025-09-11,97648.7,5331.356,5.46
2025-09-12,97648.7,5373.832,5.5
2025-09-13,97648.7,5463.814,5.6
2025-09-14,97648.7,6348.14,6.5
2025-09-15,97648.7,7524.4,7.71
2025-09-16,97648.7,7628.753,7.81
2025-09-17,97648.7,7965.101,8.16
2025-09-18,97648.7,7750.509,7.94
2025-09-19,97648.7,7399.918,7.58
2025-09-20,97648.7,8527.806,8.73
2025-09-21,97648.7,7810.122,8.0
2025-09-22,97648.7,7788.358,7.98
2025-09-23,97648.7,8472.695,8.68
2025-09-24,97648.7,8357.196,8.56
2025-09-25,97648.7,10510.417,10.76
2025-09-26,97648.7,11227.612,11.5
2025-09-27,97648.7,11454.144,11.73
2025-09-28,97648.7,10788.505,11.05
2025-09-29,97648.7,10401.953,10.65
2025-09-30,97648.7,10094.014,10.34
2025-10-01,100032.4,10321.564,10.32
2025-10-02,100032.4,11479.33,11.48
2025-10-03,100032.4,11509.899,11.51
2025-10-04,100032.4,18071.877,18.07
2025-10-05,100032.4,18643.885,18.64
2025-10-06,100032.4,18762.677,18.76
2025-10-07,100032.4,18470.473,18.46
2025-10-08,100032.4,17838.775,17.83
2025-10-09,100032.4,18241.081,18.24
2025-10-10,100032.4,18926.325,18.92
2025-10-11,100032.4,19896.347,19.89
2025-10-12,100032.4,20730.042,20.72
2025-10-13,100032.4,21206.723,21.2
2025-10-14,100032.4,20942.792,20.94
2025-10-15,100032.4,21669.86,21.66
2025-10-16,100032.4,21667.759,21.66
2025-10-17,100032.4,22760.247,22.75
2025-10-18,100032.4,22365.569,22.36
2025-10-19,100032.4,21622.702,21.62
2025-10-20,100032.4,21305.854,21.3
2025-10-21,100032.4,21078.294,21.07
2025-10-22,100032.4,21794.732,21.79
2025-10-23,100032.4,22764.39,22.76
2025-10-24,100032.4,22341.147,22.33
2025-10-25,100032.4,20811.892,20.81
2025-10-26,100032.4,19764.997,19.76
2025-10-27,100032.4,19400.448,19.39
2025-10-28,100032.4,19102.048,19.1
2025-10-29,100032.4,19948.772,19.94
2025-10-30,100032.4,19727.412,19.72
2025-10-31,100032.4,18971.726,18.97
2025-11-01,100032.4,16973.959,16.97
2025-11-02,100032.4,17352.056,17.35
2025-11-03,100032.4,17839.095,17.83
2025-11-04,100032.4,16721.366,16.72
2025-11-05,100032.4,14814.756,14.81
2025-11-06,100032.4,13076.949,13.07
2025-11-07,100032.4,11574.397,11.57
2025-11-08,100032.4,11484.444,11.48
2025-11-09,100032.4,10841.248,10.84
2025-11-10,100032.4,9798.533,9.8
2025-11-11,100032.4,9954.426,9.95
2025-11-12,100032.4,11043.207,11.04
2025-11-13,100032.4,13269.029,13.26
2025-11-14,100032.4,14237.718,14.23
2025-11-15,100032.4,13642.801,13.64
2025-11-16,100032.4,13257.279,13.25
2025-11-17,100032.4,13279.81,13.28
2025-11-18,100032.4,11479.163,11.48
2025-11-19,100032.4,10970.091,10.97
2025-11-20,100032.4,9532.077,9.53
2025-11-21,100032.4,8897.508,8.89
2025-11-22,100032.4,10235.35,10.23
2025-11-23,100032.4,9656.669,9.65
2025-11-24,100032.4,9743.581,9.74
2025-11-25,100032.4,8918.412,8.92
2025-11-26,100032.4,8180.096,8.18
2025-11-27,100032.4,7375.437,7.37
2025-11-28,100032.4,7135.185,7.13
2025-11-29,100032.4,6720.645,6.72
2025-11-30,100032.4,6636.277,6.63
2025-12-01,100032.4,5071.803,5.07
2025-12-02,100032.4,4936.749,4.94
2025-12-03,100032.4,4643.803,4.64
2025-12-04,100032.4,4685.445,4.68
2025-12-05,100032.4,3937.35,3.94
2025-12-06,100032.4,3954.672,3.95
2025-12-07,100032.4,2877.568,2.88
2025-12-08,100032.4,2042.15,2.04
2025-12-09,100032.4,1918.29,1.92
2025-12-10,100032.4,1907.128,1.91
2025-12-11,100032.4,2044.298,2.04
2025-12-12,100032.4,2792.083,2.79
2025-12-13,100032.4,3712.449,3.71
2025-12-14,100032.4,2807.269,2.81
2025-12-15,100032.4,2708.777,2.71
2025-12-16,100032.4,2056.998,2.06
2025-12-17,100032.4,3250.216,3.25
2025-12-18,100032.4,3140.938,3.14
2025-12-19,100032.4,2455.517,2.45
2025-12-20,100032.4,1971.597,1.97
2025-12-21,100032.4,2028.497,2.03
2025-12-22,100032.4,2146.627,2.15
2025-12-23,100032.4,1998.047,2.0
2025-12-24,100032.4,1888.845,1.89
2025-12-25,100032.4,1877.774,1.88
2025-12-26,100032.4,1890.75,1.89
2025-12-27,100032.4,1921.73,1.92
2025-12-28,100032.4,1946.394,1.95
2025-12-29,100032.4,2952.076,2.95
2025-12-30,100032.4,4062.356,4.06
2025-12-31,100032.4,3736.606,3.74
2026-01-01,100013.0,2922.358,2.92
2026-01-02,100013.0,2285.753,2.29
2026-01-03,100013.0,2257.478,2.26
2026-01-04,100013.0,2092.843,2.09
2026-01-05,100013.0,1484.583,1.48
2026-01-06,100013.0,1086.163,1.09
2026-01-07,100013.0,1351.742,1.35
2026-01-08,100013.0,1389.71,1.39
2026-01-09,100013.0,1410.277,1.41
2026-01-10,100013.0,1732.603,1.73
2026-01-11,100013.0,1228.674,1.23
2026-01-12,100013.0,1155.388,1.16
2026-01-13,100013.0,1946.95,1.95
2026-01-14,100013.0,1815.316,1.82
2026-01-15,100013.0,1839.396,1.84
2026-01-16,100013.0,2107.732,2.11
2026-01-17,100013.0,1944.044,1.94
2026-01-18,100013.0,3150.514,3.15
2026-01-19,100013.0,3162.124,3.16
2026-01-20,100013.0,3184.344,3.18
2026-01-21,100013.0,2790.324,2.79
2026-01-22,100013.0,2109.692,2.11
2026-01-23,100013.0,2027.972,2.03
2026-01-24,100013.0,2075.612,2.08
2026-01-25,100013.0,2064.002,2.06
2026-01-26,100013.0,2111.561,2.11
2026-01-27,100013.0,2207.02,2.21
2026-01-28,100013.0,2169.516,2.17
2026-01-29,100013.0,2202.405,2.2
2026-01-30,100013.0,2205.245,2.2
2026-01-31,100013.0,3243.73,3.24
2026-02-01,100035.2,3289.202,3.29
2026-02-02,100035.2,3173.102,3.17
2026-02-03,100035.2,3701.631,3.7
2026-02-04,100035.2,4066.757,4.07
2026-02-05,100035.2,5080.325,5.08
2026-02-06,100035.2,5254.123,5.25
2026-02-07,100035.2,5413.598,5.41
2026-02-08,100035.2,5142.175,5.14
2026-02-09,100035.2,5130.842,5.13
2026-02-10,100035.2,5092.146,5.09
2026-02-11,100035.2,5217.105,5.22
2026-02-12,100035.2,5202.655,5.2
2026-02-13,100035.2,5829.508,5.83
2026-02-14,100035.2,7887.121,7.88
2026-02-15,100035.2,7153.633,7.15
2026-02-16,100035.2,8004.021,8.0
2026-02-17,100035.2,7751.152,7.75
2026-02-18,100035.2,7292.319,7.29
2026-02-19,100035.2,6762.491,6.76
2026-02-20,100035.2,6793.205,6.79
2026-02-21,100035.2,9389.738,9.39
2026-02-22,100035.2,10365.129,10.36
2026-02-23,100035.2,11810.153,11.81
2026-02-24,100035.2,11077.578,11.07
2026-02-25,100035.2,11255.309,11.25
2026-02-26,100035.2,12166.808,12.16
2026-02-27,100035.2,12213.532,12.21
2026-02-28,100035.2,13441.716,13.44
2026-03-01,100013.2,13724.1,13.72
2026-03-02,100013.2,14696.105,14.69
2026-03-03,100013.2,14543.493,14.54
2026-03-04,100013.2,13153.554,13.15
2026-03-05,100013.2,13333.968,13.33
2026-03-06,100013.2,13111.077,13.11
2026-03-07,100013.2,14024.852,14.02
2026-03-08,100013.2,13438.55,13.44
2026-03-09,100013.2,14126.43,14.12
2026-03-10,100013.2,13790.276,13.79
2026-03-11,100013.2,13156.936,13.16
2026-03-12,100013.2,13193.585,13.19
2026-03-13,100013.2,13215.974,13.21
2026-03-14,100013.2,16258.542,16.26
2026-03-15,100013.2,15757.473,15.76
2026-03-16,100013.2,14922.02,14.92
2026-03-17,100013.2,14543.305,14.54
2026-03-18,100013.2,14598.586,14.6
2026-03-19,100013.2,14640.4,14.64
2026-03-20,100013.2,15916.108,15.91
2026-03-21,100013.2,18238.763,18.24
2026-03-22,100013.2,18435.256,18.43
2026-03-23,100013.2,20499.657,20.5
2026-03-24,100013.2,19768.101,19.77
2026-03-25,100013.2,19755.669,19.75
2026-03-26,100013.2,19738.455,19.74
2026-03-27,100013.2,19357.673,19.36
2026-03-28,100013.2,19156.555,19.15
2026-03-29,100013.2,18696.299,18.69
2026-03-30,100013.2,18388.444,18.39
2026-03-31,100013.2,19056.084,19.05
2026-04-01,97621.1,18712.855,19.17
2026-04-02,97621.1,17658.061,18.09
2026-04-03,97621.1,17548.76,17.98
2026-04-04,97621.1,16816.297,17.23
2026-04-05,97621.1,18865.221,19.32
2026-04-06,97621.1,17995.113,18.43
2026-04-07,97621.1,18353.134,18.8
2026-04-08,97621.1,18801.678,19.26
2026-04-09,97621.1,18551.777,19.0
2026-04-10,97621.1,18386.548,18.83
2026-04-11,97621.1,18830.723,19.29
2026-04-12,97621.1,19056.738,19.52
2026-04-13,97621.1,19581.131,20.06
2026-04-14,97621.1,19213.112,19.68
2026-04-15,97621.1,19320.393,19.79
2026-04-16,97621.1,17364.667,17.79
2026-04-17,97621.1,18372.226,18.82
2026-04-18,97621.1,21660.299,22.19
2026-04-19,97621.1,21293.652,21.81
2026-04-20,97621.1,22174.962,22.72
2026-04-21,97621.1,21840.434,22.37
2026-04-22,97621.1,22087.734,22.63
2026-04-23,97621.1,21873.597,22.41
2026-04-24,97621.1,21152.507,21.67
2026-04-25,97621.1,19817.168,20.3
2026-04-26,97621.1,18896.136,19.36
2026-04-27,97621.1,19649.811,20.13
2026-04-28,97621.1,19966.363,20.45
2026-04-29,97621.1,19450.684,19.92
2026-04-30,97621.1,19417.388,19.89
2026-05-01,97621.1,17931.515,18.37
2026-05-02,97621.1,18215.546,18.66
2026-05-03,97621.1,17791.188,18.22
2026-05-04,97621.1,18170.233,18.61
2026-05-05,97621.1,17971.118,18.41
2026-05-06,97621.1,18092.463,18.53
2026-05-07,97621.1,16956.073,17.37
2026-05-08,97621.1,14797.104,15.16
2026-05-09,97621.1,14483.109,14.84
2026-05-10,97621.1,13587.736,13.92
2026-05-11,97621.1,14069.543,14.41
2026-05-12,97621.1,14074.143,14.42
2026-05-13,97621.1,14702.749,15.06
2026-05-14,97621.1,13803.421,14.14
2026-05-15,97621.1,12410.223,12.71
2026-05-16,97621.1,12377.018,12.68
2026-05-17,97621.1,10538.419,10.8
2026-05-18,97621.1,9247.767,9.47
2026-05-19,97621.1,9368.744,9.6
2026-05-20,97621.1,8588.607,8.8
2026-05-21,97621.1,6992.81,7.16
2026-05-22,97621.1,5875.803,6.02
2026-05-23,97621.1,5509.853,5.64
2026-05-24,97621.1,5397.858,5.53
2026-05-25,97621.1,5179.813,5.31
2026-05-26,97621.1,5910.112,6.05
2026-05-27,97621.1,6238.573,6.39
2026-05-28,97621.1,6178.473,6.33
2026-05-29,97621.1,6608.039,6.77
2026-05-30,97621.1,6077.431,6.23
2026-05-31,97621.1,5055.652,5.18
2026-06-01,97620.5,3166.284,3.24
2026-06-02,97620.5,3520.824,3.61
2026-06-03,97620.5,3154.874,3.23
2026-06-04,97620.5,2895.854,2.97
2026-06-05,97620.5,3431.394,3.52
2026-06-06,97620.5,3714.636,3.81
2026-06-07,97620.5,3412.644,3.5
2026-06-08,97620.5,3514.999,3.6
2026-06-09,97620.5,3656.839,3.75
2026-06-10,97620.5,3475.009,3.56
2026-06-11,97620.5,3532.314,3.62
2026-06-12,97620.5,2752.504,2.82
2026-06-13,97620.5,2927.505,3.0
2026-06-14,97620.5,2165.404,2.22
2026-06-15,97620.5,2025.242,2.07
2026-06-16,97620.5,1225.244,1.26
2026-06-17,97620.5,1096.774,1.12
2026-06-18,97620.5,2531.118,2.59
2026-06-19,97620.5,2449.713,2.51
2026-06-20,97620.5,3145.128,3.22
2026-06-21,97620.5,3376.468,3.46
2026-06-22,97620.5,2933.557,3.01
2026-06-23,97620.5,2487.285,2.55
2026-06-24,97620.5,2498.114,2.56
2026-06-25,97620.5,2727.9,2.79
2026-06-26,97620.5,3063.82,3.14
2026-06-27,97620.5,2873.064,2.94
2026-06-28,97620.5,1931.91,1.98
2026-06-29,97620.5,1162.575,1.19
2026-06-30,97620.5,1256.715,1.29
2026-07-01,97620.5,2326.445,2.38
2026-07-02,97620.5,1810.851,1.85
2026-07-03,97620.5,1719.13,1.76
2026-07-04,97620.5,2312.932,2.37
2026-07-05,97620.5,2177.135,2.23
2026-07-06,97620.5,2280.111,2.34
2026-07-07,97620.5,2134.42,2.19
2026-07-08,97620.5,2169.998,2.22
2026-07-09,97620.5,2114.697,2.17
2026-07-10,97620.5,2113.126,2.16
2026-07-11,97620.5,2182.607,2.24
2026-07-12,97620.5,2064.799,2.12
2026-07-13,97620.5,1517.547,1.55
2026-07-14,97620.5,1024.997,1.05
2026-07-15,97620.5,1029.437,1.05
2026-07-16,97620.5,1150.01,1.18
2026-07-17,97620.5,1074.218,1.1
2026-07-18,97620.5,2143.54,2.2
2026-07-19,97620.5,2070.64,2.12
2026-07-20,97620.5,1410.477,1.44
2026-07-21,97620.5,1029.037,1.05
2026-07-22,97620.5,951.837,0.98
2026-07-23,97620.5,982.687,1.01
2026-07-24,97620.5,856.027,0.88
2026-07-25,97620.5,1144.617,1.17
2026-07-26,97620.5,909.217,0.93
2026-07-27,97620.5,1023.247,1.05
2026-07-28,97620.5,1123.333,1.15
2026-07-29,97620.5,1333.456,1.37
2026-07-30,97620.5,1184.763,1.21
2026-07-31,97620.5,1166.851,1.2
2026-08-01,97620.5,2195.107,2.25
2026-08-02,97620.5,2182.177,2.24
2026-08-03,97620.5,2120.107,2.17
2026-08-04,97620.5,3041.297,3.12
2026-08-05,97620.5,3116.867,3.19
2026-08-06,97620.5,3266.969,3.35
2026-08-07,97620.5,2792.227,2.86
2026-08-08,97620.5,3233.815,3.31
2026-08-09,97620.5,2324.25,2.38
2026-08-10,97620.5,2755.865,2.82
2026-08-11,97620.5,2604.906,2.67
2026-08-12,97620.5,3202.916,3.28
2026-08-13,97620.5,1945.477,1.99
2026-08-14,97620.5,2861.626,2.93
2026-08-15,97620.5,2551.321,2.61
2026-08-16,97620.5,1963.767,2.01
2026-08-17,97620.5,1814.636,1.86
2026-08-18,97620.5,1715.436,1.76
2026-08-19,97620.5,1855.456,1.9
2026-08-20,97620.5,1800.096,1.84
2026-08-21,97620.5,2003.975,2.05
2026-08-22,97620.5,2095.533,2.15
2026-08-23,97620.5,2188.989,2.24
2026-08-24,97620.5,2229.154,2.28
2026-08-25,97620.5,2112.614,2.16
2026-08-26,97620.5,1958.87,2.01
2026-08-27,97620.5,3081.606,3.16
2026-08-28,97620.5,2953.38,3.03
2026-08-29,97620.5,2890.02,2.96
2026-08-30,97620.5,2500.006,2.56
2026-08-31,97620.5,2623.765,2.69
2026-09-01,97620.5,2714.245,2.78
2026-09-02,97620.5,1932.896,1.98
2026-09-03,97620.5,1507.338,1.54
2026-09-04,97620.5,2378.877,2.44
2026-09-05,97620.5,4239.256,4.34
2026-09-06,97620.5,4654.453,4.77
2026-09-07,97620.5,4317.038,4.42
2026-09-08,97620.5,5262.849,5.39
2026-09-09,97620.5,5490.444,5.62
2026-09-10,97620.5,4926.242,5.05
2026-09-11,97620.5,5185.627,5.31
2026-09-12,97620.5,7332.429,7.51
2026-09-13,97620.5,9060.809,9.28
2026-09-14,97620.5,8104.254,8.3
2026-09-15,97620.5,7572.636,7.76
2026-09-16,97620.5,7973.344,8.17
2026-09-17,97620.5,8147.401,8.35
2026-09-18,97620.5,7765.245,7.95
2026-09-19,97620.5,9651.017,9.89
2026-09-20,97620.5,8240.592,8.44
2026-09-21,97620.5,7720.402,7.91
2026-09-22,97620.5,7745.638,7.93
2026-09-23,97620.5,7696.766,7.88
2026-09-24,97620.5,7670.921,7.86
2026-09-25,97620.5,7545.427,7.73
2026-09-26,97620.5,9165.132,9.39
2026-09-27,97620.5,9313.997,9.54
2026-09-28,97620.5,10384.982,10.64
2026-09-29,97620.5,11565.58,11.85
2026-09-30,97620.5,11602.559,11.89
2026-10-01,100056.7,11988.606,11.98
2026-10-02,100056.7,12295.214,12.29
